,faithfulness_score,faithfulness_score,faithfulness_score,faithfulness_score,answer_relevance_score,answer_relevance_score,answer_relevance_score,answer_relevance_score,context_relevance_score,context_relevance_score,context_relevance_score,context_relevance_score,groundedness_score,groundedness_score,groundedness_score,groundedness_score,bleu,bleu,bleu,bleu,rouge-l,rouge-l,rouge-l,rouge-l,bertscore,bertscore,bertscore,bertscore,precision@k,precision@k,precision@k,precision@k,f1_score,f1_score,f1_score,f1_score
,mean,std,min,max,mean,std,min,max,mean,std,min,max,mean,std,min,max,mean,std,min,max,mean,std,min,max,mean,std,min,max,mean,std,min,max,mean,std,min,max
threshold,,,,,,,,,,,,,,,,,,,,,,,,,,,,,,,,,,,,
-8,2.95,1.1560452750502903,1,5,4.25,1.3482568784061484,1,5,3.066666666666667,1.5499225422599827,1,5,4.016666666666667,1.3211662370756756,1,5,7.559690386288316,8.30844015075245,0.0005425299130331228,34.84450987717676,0.18099207462227673,0.12155838305033426,0.014173228346456693,0.5625,0.7785532812277476,0.06139717120516803,0.6445640325546265,0.9007658958435059,0.6904663026332856,0.13372747795547038,0.25863975286483765,0.9474501013755798,0.273705681440056,0.12524942476223708,0.025316455696202535,0.6470588235294118
-3,2.78125,1.4081416488499325,1,5,4.0,1.4142135623730954,1,5,2.6875,1.5951033943634114,1,5,3.875,1.157026221578126,1,5,9.382231458280907,12.546029463954548,0.03958603477936428,47.89736254435747,0.19372528080101442,0.15873963732657662,0.02247191011235955,0.6785714285714285,0.7761987578123808,0.07537747655650054,0.6590867042541504,0.933659017086029,0.6942998627200723,0.15094930897385692,0.3720753490924835,0.9515172243118286,0.2847012513572975,0.1388605775314455,0.04,0.6206896551724138
