{
    "MiniLM": 4.113636363636363,
    "MPNet": 3.856060606060606,
    "better_embedding_model": "MiniLM"
}