,faithfulness_score,faithfulness_score,faithfulness_score,faithfulness_score,answer_relevance_score,answer_relevance_score,answer_relevance_score,answer_relevance_score,context_relevance_score,context_relevance_score,context_relevance_score,context_relevance_score,groundedness_score,groundedness_score,groundedness_score,groundedness_score,bleu,bleu,bleu,bleu,rouge-l,rouge-l,rouge-l,rouge-l,bertscore,bertscore,bertscore,bertscore,precision@k,precision@k,precision@k,precision@k,f1_score,f1_score,f1_score,f1_score
,mean,std,min,max,mean,std,min,max,mean,std,min,max,mean,std,min,max,mean,std,min,max,mean,std,min,max,mean,std,min,max,mean,std,min,max,mean,std,min,max
embedding_model,,,,,,,,,,,,,,,,,,,,,,,,,,,,,,,,,,,,
MPNet,3.1666666666666665,1.3424827324795092,1,5,4.283333333333333,1.249971751093229,1,5,3.183333333333333,1.5237294420038545,1,5,4.216666666666667,1.1511477936989036,1,5,7.585315353629815,8.178070655119301,2.429698322613299e-07,34.84450987717676,0.1837514610855587,0.11488214623659412,0.0375,0.5338983050847458,0.7866388112306595,0.05603296488313527,0.6691648364067078,0.8933855295181274,0.7008674344668786,0.1591925900056981,0.030495040118694305,0.9474501013755798,0.2808741150273894,0.12759551086726328,0.0,0.6296296296296297
MiniLM,3.0833333333333335,1.2253213575950312,1,5,4.283333333333333,1.2900094161614906,1,5,3.1166666666666667,1.5414242441861916,1,5,4.133333333333334,1.1998116613030854,1,5,6.488118291080653,7.499977883107642,0.0001826523586237902,34.84450987717676,0.167197630681625,0.10929737700233254,0.012470771628994544,0.5060240963855422,0.7800745397806168,0.056263920426827194,0.6497944593429565,0.8987283706665039,0.6853566577037176,0.14057974329144915,0.24399149417877197,0.918602466583252,0.2659202708393683,0.12494280367494409,0.0,0.6111111111111112
