,retrieval_time,reranker_time,response_time,faithfulness_score,answer_relevance_score,context_relevance_score,groundedness_score,bleu,rouge-l,bertscore,precision@k,f1_score
count,192.0,192.0,192.0,192.0,192.0,192.0,192.0,192.0,192.0,192.0,192.0,192.0
mean,0.010050437102715174,0.0568646602332592,135.83292266974846,3.0833333333333335,4.322916666666667,3.2083333333333335,4.166666666666667,7.588069512046819,0.17702600623567555,0.7767242655778924,0.6761748959931234,0.26731668251173807
std,0.042661550967008244,0.01273757546632791,67.87036054502754,1.199185296448447,1.2739417467729948,1.4716637069377048,1.1178388523510354,9.174659132488022,0.14043863262116263,0.06611737848233924,0.1570831291638621,0.14753001326563656
min,0.0058231353759765625,0.03151679039001465,0.07344722747802734,1.0,1.0,1.0,1.0,8.974860664375118e-10,0.0,0.5877581238746643,-0.038411855697631836,0.0
25%,0.00687175989151001,0.04804086685180664,83.04151803255081,2.0,4.0,2.0,4.0,1.087311508390559,0.0799526707234618,0.7320238798856735,0.5912728607654572,0.1672824302134647
50%,0.006966829299926758,0.05626821517944336,157.394979596138,3.0,5.0,3.0,5.0,3.861114996168202,0.14334538414429365,0.7693101167678833,0.6884689033031464,0.24136104858996427
75%,0.007083535194396973,0.06417608261108398,180.1393700838089,4.0,5.0,5.0,5.0,11.413784692673374,0.2329306722689076,0.8208831399679184,0.7876079082489014,0.3402272727272727
max,0.5980908870697021,0.10423040390014648,260.316974401474,5.0,5.0,5.0,5.0,49.29664394953524,0.7857142857142857,0.9697339534759521,0.9640281796455383,0.75
