,faithfulness_score,faithfulness_score,faithfulness_score,faithfulness_score,answer_relevance_score,answer_relevance_score,answer_relevance_score,answer_relevance_score,context_relevance_score,context_relevance_score,context_relevance_score,context_relevance_score,groundedness_score,groundedness_score,groundedness_score,groundedness_score,bleu,bleu,bleu,bleu,rouge-l,rouge-l,rouge-l,rouge-l,bertscore,bertscore,bertscore,bertscore,precision@k,precision@k,precision@k,precision@k,f1_score,f1_score,f1_score,f1_score
,mean,std,min,max,mean,std,min,max,mean,std,min,max,mean,std,min,max,mean,std,min,max,mean,std,min,max,mean,std,min,max,mean,std,min,max,mean,std,min,max
chunking,,,,,,,,,,,,,,,,,,,,,,,,,,,,,,,,,,,,
Chunking (500),3.1,1.2309566350152776,1,5,4.366666666666666,1.0730388759865743,1,5,3.2666666666666666,1.3131236747963744,1,5,3.7333333333333334,1.3001520988815072,1,5,7.544477506204094,10.536313036527885,0.04496325237414867,47.89736254435747,0.18709605239306618,0.15164341401785764,0.00617283950617284,0.6785714285714285,0.7801023890574773,0.06356248574720401,0.6338843703269958,0.933659017086029,0.6760367184877396,0.1506289017737714,0.14047855138778687,0.9597386121749878,0.2886598504644015,0.14034583854420568,0.0,0.6478873239436619
No Chunking,3.1666666666666665,1.3424827324795092,1,5,4.283333333333333,1.249971751093229,1,5,3.183333333333333,1.5237294420038545,1,5,4.216666666666667,1.1511477936989036,1,5,7.585315353629815,8.178070655119301,2.429698322613299e-07,34.84450987717676,0.1837514610855587,0.11488214623659412,0.0375,0.5338983050847458,0.7866388112306595,0.05603296488313527,0.6691648364067078,0.8933855295181274,0.7008674344668786,0.1591925900056981,0.030495040118694305,0.9474501013755798,0.2808741150273894,0.12759551086726328,0.0,0.6296296296296297
