{
    "scores": {
        "top_k=50_top_p=0.55_chunking=500_100": 3.8446969696969697,
        "top_k=10_top_p=0.88_chunking=0_new": 3.9507575757575757,
        "top_k=25_top_p=0.7_chunking=1000_200": 4.034090909090909,
        "top_k=10_top_p=0.7_chunking=500_100": 3.9734848484848486,
        "top_k=25_top_p=0.7_chunking=0_new": 3.928030303030303,
        "top_k=10_top_p=0.55_chunking=0_new": 3.9431818181818183,
        "top_k=10_top_p=0.88_chunking=500_100": 3.9393939393939394,
        "top_k=50_top_p=0.55_chunking=1000_200": 4.053030303030303,
        "top_k=10_top_p=0.88_chunking=1000_200": 3.996212121212121,
        "top_k=50_top_p=0.55_chunking=0_new": 3.821969696969697,
        "top_k=50_top_p=0.88_chunking=1000_200": 4.083333333333333,
        "top_k=25_top_p=0.55_chunking=1000_200": 4.015151515151516,
        "top_k=25_top_p=0.7_chunking=500_100": 3.7803030303030303,
        "top_k=10_top_p=0.7_chunking=1000_200": 4.113636363636363,
        "top_k=25_top_p=0.88_chunking=1000_200": 4.026515151515151,
        "top_k=25_top_p=0.55_chunking=0_new": 3.840909090909091,
        "top_k=50_top_p=0.88_chunking=500_100": 3.867424242424242,
        "top_k=25_top_p=0.55_chunking=500_100": 3.9734848484848486,
        "top_k=50_top_p=0.88_chunking=0_new": 3.890151515151515,
        "top_k=10_top_p=0.7_chunking=0_new": 3.996212121212121,
        "top_k=10_top_p=0.55_chunking=500_100": 3.856060606060606,
        "top_k=25_top_p=0.88_chunking=500_100": 3.852272727272727,
        "top_k=50_top_p=0.7_chunking=1000_200": 4.087121212121212,
        "top_k=25_top_p=0.88_chunking=0_new": 3.9242424242424243,
        "top_k=10_top_p=0.55_chunking=1000_200": 4.075757575757576,
        "top_k=50_top_p=0.7_chunking=0_new": 4.011363636363637,
        "top_k=50_top_p=0.7_chunking=500_100": 3.852272727272727
    },
    "best_setting": "top_k=10_top_p=0.7_chunking=1000_200",
    "best_score": 4.113636363636363
}