,faithfulness_score,faithfulness_score,faithfulness_score,faithfulness_score,answer_relevance_score,answer_relevance_score,answer_relevance_score,answer_relevance_score,context_relevance_score,context_relevance_score,context_relevance_score,context_relevance_score,groundedness_score,groundedness_score,groundedness_score,groundedness_score,bleu,bleu,bleu,bleu,rouge-l,rouge-l,rouge-l,rouge-l,bertscore,bertscore,bertscore,bertscore,precision@k,precision@k,precision@k,precision@k,f1_score,f1_score,f1_score,f1_score
,mean,std,min,max,mean,std,min,max,mean,std,min,max,mean,std,min,max,mean,std,min,max,mean,std,min,max,mean,std,min,max,mean,std,min,max,mean,std,min,max
top_k,,,,,,,,,,,,,,,,,,,,,,,,,,,,,,,,,,,,
10,3.1666666666666665,1.264464335794875,1,5,4.25,1.3228756555322951,1,5,3.0166666666666666,1.4899854016651104,1,5,4.033333333333333,1.2068542476791646,1,5,6.470657936574403,7.507110140765567,0.0001826523586237902,34.84450987717676,0.16748901394964624,0.10915524863855428,0.012470771628994544,0.5060240963855422,0.7797969917456309,0.05636692487900411,0.6497944593429565,0.8987283706665039,0.6855188339948655,0.1400755933514632,0.24399149417877197,0.918602466583252,0.26717143435670676,0.12336987631765715,0.0,0.6111111111111112
25,3.1333333333333333,1.2414680575242794,1,5,4.3,1.318705065906497,1,5,3.0166666666666666,1.4899854016651104,1,5,4.05,1.185005184855996,1,5,6.499075857742611,7.481809773779562,0.0001826523586237902,34.84450987717676,0.17027742480807542,0.10892969577506471,0.012470771628994544,0.5060240963855422,0.7790447980165481,0.05604025052207868,0.6497944593429565,0.8987283706665039,0.6853640576203665,0.1406131449784892,0.24399149417877197,0.918602466583252,0.26670931304089923,0.12212077761874952,0.0,0.6111111111111112
50,2.95,1.1560452750502903,1,5,4.25,1.3482568784061484,1,5,3.066666666666667,1.5499225422599827,1,5,4.016666666666667,1.3211662370756756,1,5,7.559690386288316,8.30844015075245,0.0005425299130331228,34.84450987717676,0.18099207462227673,0.12155838305033426,0.014173228346456693,0.5625,0.7785532812277476,0.06139717120516803,0.6445640325546265,0.9007658958435059,0.6904663026332856,0.13372747795547038,0.25863975286483765,0.9474501013755798,0.273705681440056,0.12524942476223708,0.025316455696202535,0.6470588235294118
