{
    "top_k_50": 3.39375,
    "top_k_25": 3.49375,
    "top_k_10": 3.5,
    "better_top_k": 10
}