,faithfulness_score,faithfulness_score,faithfulness_score,faithfulness_score,answer_relevance_score,answer_relevance_score,answer_relevance_score,answer_relevance_score,context_relevance_score,context_relevance_score,context_relevance_score,context_relevance_score,groundedness_score,groundedness_score,groundedness_score,groundedness_score,bleu,bleu,bleu,bleu,rouge-l,rouge-l,rouge-l,rouge-l,bertscore,bertscore,bertscore,bertscore,precision@k,precision@k,precision@k,precision@k,f1_score,f1_score,f1_score,f1_score
,mean,std,min,max,mean,std,min,max,mean,std,min,max,mean,std,min,max,mean,std,min,max,mean,std,min,max,mean,std,min,max,mean,std,min,max,mean,std,min,max
embedding_model,,,,,,,,,,,,,,,,,,,,,,,,,,,,,,,,,,,,
MPNet,3.0833333333333335,1.1540887764616734,1,5,4.433333333333334,0.9273009250775704,2,5,3.1,1.33657797302144,1,5,4.066666666666666,1.0871618572939368,1,5,6.8773501743148495,8.539099567652986,0.05053350706122481,40.71554714839435,0.16789331467278082,0.12630816842927953,0.008064516129032258,0.5135135135135136,0.7778519560893377,0.061957182883700924,0.6522360444068909,0.8923676013946533,0.6814831674098969,0.14286400965288978,0.26084643602371216,0.9627846479415894,0.2743622493110051,0.1322353499676237,0.0,0.6666666666666666
MiniLM,3.316666666666667,1.1859583361742698,1,5,4.5,0.873333764609373,1,5,3.283333333333333,1.3415355060989975,1,5,4.216666666666667,1.026623008830353,1,5,6.04227952793505,6.866570250560011,0.034252398472074015,30.31592526550793,0.16482946994808406,0.11853053326824443,0.006019563581640332,0.5402843601895735,0.7823750764131546,0.057551112494929856,0.5872957706451416,0.8993096947669983,0.6848105664054552,0.13799089552851426,0.2127682864665985,0.9321286678314209,0.28447888203262833,0.12970489053076611,0.0,0.62
