,faithfulness_score,faithfulness_score,faithfulness_score,faithfulness_score,answer_relevance_score,answer_relevance_score,answer_relevance_score,answer_relevance_score,context_relevance_score,context_relevance_score,context_relevance_score,context_relevance_score,groundedness_score,groundedness_score,groundedness_score,groundedness_score,bleu,bleu,bleu,bleu,rouge-l,rouge-l,rouge-l,rouge-l,bertscore,bertscore,bertscore,bertscore,precision@k,precision@k,precision@k,precision@k,f1_score,f1_score,f1_score,f1_score
,mean,std,min,max,mean,std,min,max,mean,std,min,max,mean,std,min,max,mean,std,min,max,mean,std,min,max,mean,std,min,max,mean,std,min,max,mean,std,min,max
reranking,,,,,,,,,,,,,,,,,,,,,,,,,,,,,,,,,,,,
No Reranking,3.3333333333333335,1.0360725494305965,1,5,4.583333333333333,0.8293691019953859,2,5,3.15,1.3125857518395527,1,5,4.1,1.0201362487931183,2,5,5.613745522344277,6.208515138009244,0.08663001363520574,29.185389778698518,0.16626406608711636,0.11598519390587149,0.011569052783803326,0.543778801843318,0.7866968254248301,0.049512852707588845,0.6687641739845276,0.892789900302887,0.6987250104546547,0.1430126720677365,0.2612043619155884,0.9570780992507935,0.28086241005149026,0.1275366522542889,0.0,0.6956521739130435
With Reranking,3.316666666666667,1.1859583361742698,1,5,4.5,0.873333764609373,1,5,3.283333333333333,1.3415355060989975,1,5,4.216666666666667,1.026623008830353,1,5,6.04227952793505,6.866570250560011,0.034252398472074015,30.31592526550793,0.16482946994808406,0.11853053326824443,0.006019563581640332,0.5402843601895735,0.7823750764131546,0.057551112494929856,0.5872957706451416,0.8993096947669983,0.6848105664054552,0.13799089552851426,0.2127682864665985,0.9321286678314209,0.28447888203262833,0.12970489053076611,0.0,0.62
