,faithfulness_score,faithfulness_score,faithfulness_score,faithfulness_score,answer_relevance_score,answer_relevance_score,answer_relevance_score,answer_relevance_score,context_relevance_score,context_relevance_score,context_relevance_score,context_relevance_score,groundedness_score,groundedness_score,groundedness_score,groundedness_score,bleu,bleu,bleu,bleu,rouge-l,rouge-l,rouge-l,rouge-l,bertscore,bertscore,bertscore,bertscore,precision@k,precision@k,precision@k,precision@k,f1_score,f1_score,f1_score,f1_score
,mean,std,min,max,mean,std,min,max,mean,std,min,max,mean,std,min,max,mean,std,min,max,mean,std,min,max,mean,std,min,max,mean,std,min,max,mean,std,min,max
top_p,,,,,,,,,,,,,,,,,,,,,,,,,,,,,,,,,,,,
0.55,3.1166666666666667,1.2363377667313769,1,5,4.4,1.1817826236205733,1,5,3.1,1.4923533911469484,1,5,4.0,1.1349606130700476,1,5,7.015139117848472,7.790856249136835,0.0001826523586237902,34.84450987717676,0.17560940100979108,0.10918050920739689,0.02476780185758514,0.5338983050847458,0.7814355452855428,0.05419675899008394,0.6445640325546265,0.8933855295181274,0.6959585184852283,0.1297771084912094,0.25863975286483765,0.9474501013755798,0.26793990569828435,0.12286881597320008,0.0,0.6296296296296297
0.7,3.0833333333333335,1.2253213575950312,1,5,4.283333333333333,1.2900094161614906,1,5,3.1166666666666667,1.5414242441861916,1,5,4.133333333333334,1.1998116613030854,1,5,6.488118291080653,7.499977883107642,0.0001826523586237902,34.84450987717676,0.167197630681625,0.10929737700233254,0.012470771628994544,0.5060240963855422,0.7800745397806168,0.056263920426827194,0.6497944593429565,0.8987283706665039,0.6853566577037176,0.14057974329144915,0.24399149417877197,0.918602466583252,0.2659202708393683,0.12494280367494409,0.0,0.6111111111111112
0.88,3.1666666666666665,1.264464335794875,1,5,4.25,1.3228756555322951,1,5,3.0166666666666666,1.4899854016651104,1,5,4.033333333333333,1.2068542476791646,1,5,6.470657936574403,7.507110140765567,0.0001826523586237902,34.84450987717676,0.16748901394964624,0.10915524863855428,0.012470771628994544,0.5060240963855422,0.7797969917456309,0.05636692487900411,0.6497944593429565,0.8987283706665039,0.6855188339948655,0.1400755933514632,0.24399149417877197,0.918602466583252,0.26717143435670676,0.12336987631765715,0.0,0.6111111111111112
