{
    "reranking": 4.113636363636363,
    "no_reranking": 3.9204545454545454,
    "better_setting": "With Reranking"
}