{
    "reranking": 3.5708333333333333,
    "no_reranking": 3.564583333333333,
    "better_setting": "With Reranking"
}