{
    "reranking": 3.685416666666667,
    "no_reranking": 3.658333333333333,
    "better_setting": "With Reranking"
}