,faithfulness_score,faithfulness_score,faithfulness_score,faithfulness_score,answer_relevance_score,answer_relevance_score,answer_relevance_score,answer_relevance_score,context_relevance_score,context_relevance_score,context_relevance_score,context_relevance_score,groundedness_score,groundedness_score,groundedness_score,groundedness_score,bleu,bleu,bleu,bleu,rouge-l,rouge-l,rouge-l,rouge-l,bertscore,bertscore,bertscore,bertscore,precision@k,precision@k,precision@k,precision@k,f1_score,f1_score,f1_score,f1_score
,mean,std,min,max,mean,std,min,max,mean,std,min,max,mean,std,min,max,mean,std,min,max,mean,std,min,max,mean,std,min,max,mean,std,min,max,mean,std,min,max
reranking,,,,,,,,,,,,,,,,,,,,,,,,,,,,,,,,,,,,
No Reranking,3.1,1.2309566350152776,1,5,4.5,1.096991262731146,1,5,3.0833333333333335,1.499058084679489,1,5,4.266666666666667,1.2054490219966865,1,5,7.592647933731047,8.37405336147684,3.6394854668609498e-09,37.197788245019595,0.1789950568038007,0.11830951740480439,0.0,0.5052631578947369,0.7791014482577642,0.06815688717783336,0.6032852530479431,0.903367280960083,0.6680840275560816,0.16346194950192502,0.026405733078718185,0.9292560815811157,0.274380842351094,0.13961925090787547,0.0,0.6133333333333333
With Reranking,3.1666666666666665,1.3424827324795092,1,5,4.283333333333333,1.249971751093229,1,5,3.183333333333333,1.5237294420038545,1,5,4.216666666666667,1.1511477936989036,1,5,7.585315353629815,8.178070655119301,2.429698322613299e-07,34.84450987717676,0.1837514610855587,0.11488214623659412,0.0375,0.5338983050847458,0.7866388112306595,0.05603296488313527,0.6691648364067078,0.8933855295181274,0.7008674344668786,0.1591925900056981,0.030495040118694305,0.9474501013755798,0.2808741150273894,0.12759551086726328,0.0,0.6296296296296297
